{"resourceType":"ValueSet","meta":{"lastUpdated":"2021-09-23T04:15:12.882+00:00","profile":["http://hl7.org/fhir/StructureDefinition/shareablevalueset","https://healthterminologies.gov.au/fhir/StructureDefinition/composed-value-set-4"]},"language":"en","url":"https://healthterminologies.gov.au/fhir/ValueSet/australian-immunisation-register-vaccine-1","identifier":[{"system":"urn:ietf:rfc:3986","value":"urn:oid:1.2.36.1.2001.1004.201.10043"}],"version":"1.0.2","name":"AustralianImmunisationRegisterVaccine","title":"Australian Immunisation Register Vaccine","status":"active","experimental":false,"copyright":"Copyright © 2018 Australian Digital Health Agency - All rights reserved. Except for the material identified below, this content is licensed under a Creative Commons Attribution 4.0 International License. See https://creativecommons.org/licenses/by/4.0/. \n\nThis resource also includes material from the ‘Australian Immunisation Register Vaccine Code Formats last updated: 7 February 2018 © Commonwealth of Australia, represented by the Department of Human Services https://www.humanservices.gov.au/organisations/health-professionals/enablers/air-vaccine-code-formats. Licensed under https://creativecommons.org/licenses/by/3.0/au). \n\nAll copies of this resource must include this copyright statement and all information contained in this statement.","expansion":{"identifier":"3ef7b000-1e6d-4b35-93b3-6db7bf529b2a","timestamp":"2021-10-01T06:10:48+00:00","total":133,"offset":0,"parameter":[{"name":"version","valueUri":"https://www.humanservices.gov.au/organisations/health-professionals/enablers/air-vaccine-code-formats|20210827"},{"name":"count","valueInteger":2147483647},{"name":"offset","valueInteger":0}],"contains":[{"system":"https://www.humanservices.gov.au/organisations/health-professionals/enablers/air-vaccine-code-formats","code":"PRPT","display":"ActHIB"},{"system":"https://www.humanservices.gov.au/organisations/health-professionals/enablers/air-vaccine-code-formats","code":"ADCL","display":"Adacel"},{"system":"https://www.humanservices.gov.au/organisations/health-professionals/enablers/air-vaccine-code-formats","code":"ADPO","display":"Adacel Polio"},{"system":"https://www.humanservices.gov.au/organisations/health-professionals/enablers/air-vaccine-code-formats","code":"ADT","display":"ADT Booster"},{"system":"https://www.humanservices.gov.au/organisations/health-professionals/enablers/air-vaccine-code-formats","code":"AFLR","display":"Afluria Quad"},{"system":"https://www.humanservices.gov.au/organisations/health-professionals/enablers/air-vaccine-code-formats","code":"AGRPAL","display":"Agrippal"},{"system":"https://www.humanservices.gov.au/organisations/health-professionals/enablers/air-vaccine-code-formats","code":"COVAST","display":"AstraZeneca Vaxzevria"},{"system":"https://www.humanservices.gov.au/organisations/health-professionals/enablers/air-vaccine-code-formats","code":"AVAXM","display":"Avaxim"},{"system":"https://www.humanservices.gov.au/organisations/health-professionals/enablers/air-vaccine-code-formats","code":"BCG","display":"BCG vaccine"},{"system":"https://www.humanservices.gov.au/organisations/health-professionals/enablers/air-vaccine-code-formats","code":"BEXO","display":"Bexsero"},{"system":"https://www.humanservices.gov.au/organisations/health-professionals/enablers/air-vaccine-code-formats","code":"MENGO","display":"Bi Meningo"},{"system":"https://www.humanservices.gov.au/organisations/health-professionals/enablers/air-vaccine-code-formats","code":"FLUVAX","display":"bioCSL Fluvax"},{"system":"https://www.humanservices.gov.au/organisations/health-professionals/enablers/air-vaccine-code-formats","code":"BOOST","display":"Boostrix"},{"system":"https://www.humanservices.gov.au/organisations/health-professionals/enablers/air-vaccine-code-formats","code":"BOIPV","display":"Boostrix-IPV"},{"system":"https://www.humanservices.gov.au/organisations/health-professionals/enablers/air-vaccine-code-formats","code":"CDT","display":"CDT - combined Diphtheria, Tetanus"},{"system":"https://www.humanservices.gov.au/organisations/health-professionals/enablers/air-vaccine-code-formats","code":"HPVCX","display":"Cervarix"},{"system":"https://www.humanservices.gov.au/organisations/health-professionals/enablers/air-vaccine-code-formats","code":"CMX","display":"Comvax"},{"system":"https://www.humanservices.gov.au/organisations/health-professionals/enablers/air-vaccine-code-formats","code":"DKRAL","display":"Dukoral"},{"system":"https://www.humanservices.gov.au/organisations/health-professionals/enablers/air-vaccine-code-formats","code":"ENGBA","display":"Engerix-B (adult)"},{"system":"https://www.humanservices.gov.au/organisations/health-professionals/enablers/air-vaccine-code-formats","code":"ENGP","display":"Engerix-B (paediatric)"},{"system":"https://www.humanservices.gov.au/organisations/health-professionals/enablers/air-vaccine-code-formats","code":"FLUAD","display":"Fluad"},{"system":"https://www.humanservices.gov.au/organisations/health-professionals/enablers/air-vaccine-code-formats","code":"FLUQAD","display":"Fluad Quad"},{"system":"https://www.humanservices.gov.au/organisations/health-professionals/enablers/air-vaccine-code-formats","code":"FLRIX","display":"Fluarix"},{"system":"https://www.humanservices.gov.au/organisations/health-professionals/enablers/air-vaccine-code-formats","code":"FLUTET","display":"Fluarix Tetra"},{"system":"https://www.humanservices.gov.au/organisations/health-professionals/enablers/air-vaccine-code-formats","code":"FCELQD","display":"Flucelvax Quad"},{"system":"https://www.humanservices.gov.au/organisations/health-professionals/enablers/air-vaccine-code-formats","code":"FQUAD","display":"FluQuadri"},{"system":"https://www.humanservices.gov.au/organisations/health-professionals/enablers/air-vaccine-code-formats","code":"FQDJN","display":"FluQuadri Junior"},{"system":"https://www.humanservices.gov.au/organisations/health-professionals/enablers/air-vaccine-code-formats","code":"FVXJNR","display":"Fluvax Junior"},{"system":"https://www.humanservices.gov.au/organisations/health-professionals/enablers/air-vaccine-code-formats","code":"FLVRN","display":"Fluvirin"},{"system":"https://www.humanservices.gov.au/organisations/health-professionals/enablers/air-vaccine-code-formats","code":"FLUHID","display":"Fluzone High-Dose"},{"system":"https://www.humanservices.gov.au/organisations/health-professionals/enablers/air-vaccine-code-formats","code":"FLHDQD","display":"Fluzone High-Dose Quadrivalent"},{"system":"https://www.humanservices.gov.au/organisations/health-professionals/enablers/air-vaccine-code-formats","code":"HPV","display":"Gardasil"},{"system":"https://www.humanservices.gov.au/organisations/health-professionals/enablers/air-vaccine-code-formats","code":"HPVNIN","display":"Gardasil 9"},{"system":"https://www.humanservices.gov.au/organisations/health-professionals/enablers/air-vaccine-code-formats","code":"P","display":"Generic (Monovalent) Pertussis"},{"system":"https://www.humanservices.gov.au/organisations/health-professionals/enablers/air-vaccine-code-formats","code":"GNDIP","display":"Generic Diphtheria"},{"system":"https://www.humanservices.gov.au/organisations/health-professionals/enablers/air-vaccine-code-formats","code":"DTPA","display":"Generic DTPa"},{"system":"https://www.humanservices.gov.au/organisations/health-professionals/enablers/air-vaccine-code-formats","code":"HBV","display":"Generic HBV"},{"system":"https://www.humanservices.gov.au/organisations/health-professionals/enablers/air-vaccine-code-formats","code":"GNHPA","display":"Generic Hepatitis A"},{"system":"https://www.humanservices.gov.au/organisations/health-professionals/enablers/air-vaccine-code-formats","code":"GNHEP","display":"Generic Hepatitis B"},{"system":"https://www.humanservices.gov.au/organisations/health-professionals/enablers/air-vaccine-code-formats","code":"GNHIB","display":"Generic HIB"},{"system":"https://www.humanservices.gov.au/organisations/health-professionals/enablers/air-vaccine-code-formats","code":"GNHPV","display":"Generic HPV"},{"system":"https://www.humanservices.gov.au/organisations/health-professionals/enablers/air-vaccine-code-formats","code":"GNFLU","display":"Generic Influenza"},{"system":"https://www.humanservices.gov.au/organisations/health-professionals/enablers/air-vaccine-code-formats","code":"GNJEN","display":"Generic Japanese Encephalitis"},{"system":"https://www.humanservices.gov.au/organisations/health-professionals/enablers/air-vaccine-code-formats","code":"GNMEA","display":"Generic Measles"},{"system":"https://www.humanservices.gov.au/organisations/health-professionals/enablers/air-vaccine-code-formats","code":"GNMCY","display":"Generic Meningococcal ACWY"},{"system":"https://www.humanservices.gov.au/organisations/health-professionals/enablers/air-vaccine-code-formats","code":"GNMNB","display":"Generic Meningococcal B"},{"system":"https://www.humanservices.gov.au/organisations/health-professionals/enablers/air-vaccine-code-formats","code":"GNMEN","display":"Generic Meningococcal C"},{"system":"https://www.humanservices.gov.au/organisations/health-professionals/enablers/air-vaccine-code-formats","code":"MMR","display":"Generic MMR"},{"system":"https://www.humanservices.gov.au/organisations/health-professionals/enablers/air-vaccine-code-formats","code":"GNMUM","display":"Generic Mumps"},{"system":"https://www.humanservices.gov.au/organisations/health-professionals/enablers/air-vaccine-code-formats","code":"GNPNE","display":"Generic Pneumococcal"},{"system":"https://www.humanservices.gov.au/organisations/health-professionals/enablers/air-vaccine-code-formats","code":"GNPOL","display":"Generic Poliomyelitis"},{"system":"https://www.humanservices.gov.au/organisations/health-professionals/enablers/air-vaccine-code-formats","code":"GNRBS","display":"Generic Rabies"},{"system":"https://www.humanservices.gov.au/organisations/health-professionals/enablers/air-vaccine-code-formats","code":"GNROX","display":"Generic Rotavirus"},{"system":"https://www.humanservices.gov.au/organisations/health-professionals/enablers/air-vaccine-code-formats","code":"GNRUB","display":"Generic Rubella"},{"system":"https://www.humanservices.gov.au/organisations/health-professionals/enablers/air-vaccine-code-formats","code":"GNTET","display":"Generic Tetanus"},{"system":"https://www.humanservices.gov.au/organisations/health-professionals/enablers/air-vaccine-code-formats","code":"GNTYD","display":"Generic Typhoid"},{"system":"https://www.humanservices.gov.au/organisations/health-professionals/enablers/air-vaccine-code-formats","code":"GNVAR","display":"Generic Varicella-Zoster"},{"system":"https://www.humanservices.gov.au/organisations/health-professionals/enablers/air-vaccine-code-formats","code":"GNYFEV","display":"Generic Yellow Fever"},{"system":"https://www.humanservices.gov.au/organisations/health-professionals/enablers/air-vaccine-code-formats","code":"HBVXA","display":"H-B-Vax II (adult)"},{"system":"https://www.humanservices.gov.au/organisations/health-professionals/enablers/air-vaccine-code-formats","code":"HBDIA","display":"H-B-VAX II (dialysis)"},{"system":"https://www.humanservices.gov.au/organisations/health-professionals/enablers/air-vaccine-code-formats","code":"HBVP","display":"H-B-VAX II (paediatric)"},{"system":"https://www.humanservices.gov.au/organisations/health-professionals/enablers/air-vaccine-code-formats","code":"HAVAD","display":"Havrix"},{"system":"https://www.humanservices.gov.au/organisations/health-professionals/enablers/air-vaccine-code-formats","code":"HAVJ","display":"Havrix Junior"},{"extension":[{"url":"http://ontoserver.csiro.au/profiles/expansion","extension":[{"url":"inactive","valueBoolean":true}]}],"system":"https://www.humanservices.gov.au/organisations/health-professionals/enablers/air-vaccine-code-formats","inactive":true,"code":"HBVXII","display":"HBVaxII (Thiomersal free)"},{"extension":[{"url":"http://ontoserver.csiro.au/profiles/expansion","extension":[{"url":"inactive","valueBoolean":true}]}],"system":"https://www.humanservices.gov.au/organisations/health-professionals/enablers/air-vaccine-code-formats","inactive":true,"code":"HBIG","display":"Hepatitis B Immunoglobulin"},{"system":"https://www.humanservices.gov.au/organisations/health-professionals/enablers/air-vaccine-code-formats","code":"HEXAXM","display":"Hexaxim"},{"system":"https://www.humanservices.gov.au/organisations/health-professionals/enablers/air-vaccine-code-formats","code":"HBX","display":"Hiberix"},{"system":"https://www.humanservices.gov.au/organisations/health-professionals/enablers/air-vaccine-code-formats","code":"HBOC","display":"HibTITER"},{"system":"https://www.humanservices.gov.au/organisations/health-professionals/enablers/air-vaccine-code-formats","code":"IMOJEV","display":"Imojev"},{"system":"https://www.humanservices.gov.au/organisations/health-professionals/enablers/air-vaccine-code-formats","code":"IFX","display":"Infanrix"},{"system":"https://www.humanservices.gov.au/organisations/health-professionals/enablers/air-vaccine-code-formats","code":"IFHX","display":"Infanrix hexa"},{"system":"https://www.humanservices.gov.au/organisations/health-professionals/enablers/air-vaccine-code-formats","code":"IFIP","display":"Infanrix IPV"},{"system":"https://www.humanservices.gov.au/organisations/health-professionals/enablers/air-vaccine-code-formats","code":"IFPA","display":"Infanrix Penta"},{"system":"https://www.humanservices.gov.au/organisations/health-professionals/enablers/air-vaccine-code-formats","code":"IFXB","display":"Infanrix-HepB"},{"system":"https://www.humanservices.gov.au/organisations/health-professionals/enablers/air-vaccine-code-formats","code":"INFLUV","display":"Influvac"},{"system":"https://www.humanservices.gov.au/organisations/health-professionals/enablers/air-vaccine-code-formats","code":"INFLTA","display":"Influvac Tetra"},{"system":"https://www.humanservices.gov.au/organisations/health-professionals/enablers/air-vaccine-code-formats","code":"IPV","display":"IPOL - inactivated polio vaccine"},{"system":"https://www.humanservices.gov.au/organisations/health-professionals/enablers/air-vaccine-code-formats","code":"JEVAX","display":"JE-VAX"},{"system":"https://www.humanservices.gov.au/organisations/health-professionals/enablers/air-vaccine-code-formats","code":"JESPCT","display":"JESPECT"},{"system":"https://www.humanservices.gov.au/organisations/health-professionals/enablers/air-vaccine-code-formats","code":"MMRCSL","display":"M-M-R II"},{"system":"https://www.humanservices.gov.au/organisations/health-professionals/enablers/air-vaccine-code-formats","code":"MENACT","display":"Menactra"},{"system":"https://www.humanservices.gov.au/organisations/health-professionals/enablers/air-vaccine-code-formats","code":"MENVAX","display":"Mencevax ACWY"},{"system":"https://www.humanservices.gov.au/organisations/health-professionals/enablers/air-vaccine-code-formats","code":"MENTEC","display":"Meningitec"},{"system":"https://www.humanservices.gov.au/organisations/health-professionals/enablers/air-vaccine-code-formats","code":"MNTRX","display":"Menitorix"},{"system":"https://www.humanservices.gov.au/organisations/health-professionals/enablers/air-vaccine-code-formats","code":"MENJUG","display":"Menjugate"},{"system":"https://www.humanservices.gov.au/organisations/health-professionals/enablers/air-vaccine-code-formats","code":"MENUME","display":"Menomune"},{"system":"https://www.humanservices.gov.au/organisations/health-professionals/enablers/air-vaccine-code-formats","code":"MENVO","display":"Menveo"},{"system":"https://www.humanservices.gov.au/organisations/health-professionals/enablers/air-vaccine-code-formats","code":"HDCV","display":"Merieux Inactivated Rabies Vaccine"},{"system":"https://www.humanservices.gov.au/organisations/health-professionals/enablers/air-vaccine-code-formats","code":"MODERN","display":"Moderna Spikevax"},{"system":"https://www.humanservices.gov.au/organisations/health-professionals/enablers/air-vaccine-code-formats","code":"NEISVC","display":"NeisVac-C"},{"system":"https://www.humanservices.gov.au/organisations/health-professionals/enablers/air-vaccine-code-formats","code":"NIMRIX","display":"Nimenrix"},{"system":"https://www.humanservices.gov.au/organisations/health-professionals/enablers/air-vaccine-code-formats","code":"OPV","display":"Oral Polio (Polio Sabin)"},{"system":"https://www.humanservices.gov.au/organisations/health-professionals/enablers/air-vaccine-code-formats","code":"PANVAX","display":"Panvax"},{"system":"https://www.humanservices.gov.au/organisations/health-professionals/enablers/air-vaccine-code-formats","code":"PDCL","display":"Pediacel"},{"system":"https://www.humanservices.gov.au/organisations/health-professionals/enablers/air-vaccine-code-formats","code":"PRPOMP","display":"PedvaxHIB"},{"system":"https://www.humanservices.gov.au/organisations/health-professionals/enablers/air-vaccine-code-formats","code":"COMIRN","display":"Pfizer Comirnaty"},{"system":"https://www.humanservices.gov.au/organisations/health-professionals/enablers/air-vaccine-code-formats","code":"PNEUMO","display":"Pneumovax 23"},{"system":"https://www.humanservices.gov.au/organisations/health-professionals/enablers/air-vaccine-code-formats","code":"PLCL","display":"Poliacel"},{"system":"https://www.humanservices.gov.au/organisations/health-professionals/enablers/air-vaccine-code-formats","code":"PRVTH","display":"Prevenar 13"},{"system":"https://www.humanservices.gov.au/organisations/health-professionals/enablers/air-vaccine-code-formats","code":"PRVNR","display":"Prevenar 7"},{"system":"https://www.humanservices.gov.au/organisations/health-professionals/enablers/air-vaccine-code-formats","code":"MMRSKB","display":"Priorix"},{"system":"https://www.humanservices.gov.au/organisations/health-professionals/enablers/air-vaccine-code-formats","code":"PRXTET","display":"Priorix-tetra"},{"system":"https://www.humanservices.gov.au/organisations/health-professionals/enablers/air-vaccine-code-formats","code":"PRPD","display":"ProHIBit"},{"system":"https://www.humanservices.gov.au/organisations/health-professionals/enablers/air-vaccine-code-formats","code":"PROQAD","display":"ProQuad"},{"extension":[{"url":"http://ontoserver.csiro.au/profiles/expansion","extension":[{"url":"inactive","valueBoolean":true}]}],"system":"https://www.humanservices.gov.au/organisations/health-professionals/enablers/air-vaccine-code-formats","inactive":true,"code":"QFEVER","display":"Q fever vaccine"},{"system":"https://www.humanservices.gov.au/organisations/health-professionals/enablers/air-vaccine-code-formats","code":"QDCL","display":"Quadracel"},{"extension":[{"url":"http://ontoserver.csiro.au/profiles/expansion","extension":[{"url":"inactive","valueBoolean":true}]}],"system":"https://www.humanservices.gov.au/organisations/health-professionals/enablers/air-vaccine-code-formats","inactive":true,"code":"RIGTEN","display":"Rabies IMOG 10 ml"},{"extension":[{"url":"http://ontoserver.csiro.au/profiles/expansion","extension":[{"url":"inactive","valueBoolean":true}]}],"system":"https://www.humanservices.gov.au/organisations/health-professionals/enablers/air-vaccine-code-formats","inactive":true,"code":"RIGTWO","display":"Rabies IMOG 2ml"},{"system":"https://www.humanservices.gov.au/organisations/health-professionals/enablers/air-vaccine-code-formats","code":"PCECV","display":"Rabipur"},{"system":"https://www.humanservices.gov.au/organisations/health-professionals/enablers/air-vaccine-code-formats","code":"ROTRIX","display":"Rotarix"},{"system":"https://www.humanservices.gov.au/organisations/health-professionals/enablers/air-vaccine-code-formats","code":"ROTTEQ","display":"RotaTeq"},{"system":"https://www.humanservices.gov.au/organisations/health-professionals/enablers/air-vaccine-code-formats","code":"SHINGX","display":"Shingrix"},{"system":"https://www.humanservices.gov.au/organisations/health-professionals/enablers/air-vaccine-code-formats","code":"STAMRL","display":"Stamaril"},{"system":"https://www.humanservices.gov.au/organisations/health-professionals/enablers/air-vaccine-code-formats","code":"SYNFLX","display":"Synflorix"},{"system":"https://www.humanservices.gov.au/organisations/health-professionals/enablers/air-vaccine-code-formats","code":"TDT","display":"Td"},{"system":"https://www.humanservices.gov.au/organisations/health-professionals/enablers/air-vaccine-code-formats","code":"TETTOX","display":"Tet-Tox"},{"system":"https://www.humanservices.gov.au/organisations/health-professionals/enablers/air-vaccine-code-formats","code":"TCL","display":"Tripacel"},{"system":"https://www.humanservices.gov.au/organisations/health-professionals/enablers/air-vaccine-code-formats","code":"DTP","display":"Triple Antigen"},{"system":"https://www.humanservices.gov.au/organisations/health-professionals/enablers/air-vaccine-code-formats","code":"TRMBA","display":"Trumenba"},{"system":"https://www.humanservices.gov.au/organisations/health-professionals/enablers/air-vaccine-code-formats","code":"HATWAD","display":"Twinrix"},{"system":"https://www.humanservices.gov.au/organisations/health-professionals/enablers/air-vaccine-code-formats","code":"HATWNJ","display":"Twinrix Junior"},{"system":"https://www.humanservices.gov.au/organisations/health-professionals/enablers/air-vaccine-code-formats","code":"TYPHRX","display":"Typherix"},{"system":"https://www.humanservices.gov.au/organisations/health-professionals/enablers/air-vaccine-code-formats","code":"TYPHVI","display":"Typhim Vi"},{"system":"https://www.humanservices.gov.au/organisations/health-professionals/enablers/air-vaccine-code-formats","code":"VAQAD","display":"Vaqta (adult)"},{"system":"https://www.humanservices.gov.au/organisations/health-professionals/enablers/air-vaccine-code-formats","code":"HAVAQ","display":"Vaqta (paediatric/adolescent)"},{"system":"https://www.humanservices.gov.au/organisations/health-professionals/enablers/air-vaccine-code-formats","code":"VLRIX","display":"Varilrix"},{"system":"https://www.humanservices.gov.au/organisations/health-professionals/enablers/air-vaccine-code-formats","code":"VRVAX","display":"Varivax"},{"system":"https://www.humanservices.gov.au/organisations/health-professionals/enablers/air-vaccine-code-formats","code":"VAXGRP","display":"Vaxigrip"},{"system":"https://www.humanservices.gov.au/organisations/health-professionals/enablers/air-vaccine-code-formats","code":"VGRJNR","display":"Vaxigrip Junior"},{"system":"https://www.humanservices.gov.au/organisations/health-professionals/enablers/air-vaccine-code-formats","code":"VAXTET","display":"Vaxigrip Tetra"},{"system":"https://www.humanservices.gov.au/organisations/health-professionals/enablers/air-vaccine-code-formats","code":"VIVAXM","display":"Vivaxim"},{"system":"https://www.humanservices.gov.au/organisations/health-professionals/enablers/air-vaccine-code-formats","code":"VIVOTF","display":"Vivotif Oral"},{"system":"https://www.humanservices.gov.au/organisations/health-professionals/enablers/air-vaccine-code-formats","code":"ZOTVAX","display":"Zostavax"}]}}