{"resourceType":"ValueSet","meta":{"lastUpdated":"2021-09-23T04:13:44.115+00:00","profile":["http://hl7.org/fhir/StructureDefinition/shareablevalueset","https://healthterminologies.gov.au/fhir/StructureDefinition/composed-value-set-2"]},"language":"en","url":"https://healthterminologies.gov.au/fhir/ValueSet/sctau-reference-set-142341000036103","version":"20210930","name":"sctau-reference-set-142341000036103","title":"Clinical manifestation reference set","status":"active","experimental":false,"copyright":"Copyright 2019 Australian Digital Health Agency. This content contains information which is protected by copyright. All Rights Reserved. No part of this work may be reproduced or used in any form or by any means - graphic, electronic, or mechanical, including photocopying, recording, taping, or information storage and retrieval systems - without the permission of the Australian Digital Health Agency.","expansion":{"identifier":"033ce01b-807e-4632-82ff-8153714f845a","timestamp":"2021-09-30T03:09:38+00:00","total":738,"offset":0,"parameter":[{"name":"version","valueUri":"http://snomed.info/sct|http://snomed.info/sct/32506021000036107/version/20210930"},{"name":"count","valueInteger":2147483647},{"name":"offset","valueInteger":0}],"contains":[{"system":"http://snomed.info/sct","code":"116289008","display":"Abdominal bloating"},{"system":"http://snomed.info/sct","code":"43364001","display":"Abdominal discomfort"},{"system":"http://snomed.info/sct","code":"21522001","display":"Abdominal pain"},{"system":"http://snomed.info/sct","code":"60728008","display":"Abdominal swelling"},{"system":"http://snomed.info/sct","code":"85418005","display":"Abnormal dreams"},{"system":"http://snomed.info/sct","code":"22325002","display":"Abnormal gait"},{"system":"http://snomed.info/sct","code":"5149003","display":"Abnormal hair texture"},{"system":"http://snomed.info/sct","code":"75183008","display":"Abnormal liver function"},{"system":"http://snomed.info/sct","code":"301822002","display":"Abnormal vaginal bleeding"},{"system":"http://snomed.info/sct","code":"128477000","display":"Abscess"},{"system":"http://snomed.info/sct","code":"33653009","display":"Absence of sensation"},{"system":"http://snomed.info/sct","code":"11654001","display":"Achilles tendinitis"},{"system":"http://snomed.info/sct","code":"51387008","display":"Acidosis"},{"system":"http://snomed.info/sct","code":"11381005","display":"Acne"},{"system":"http://snomed.info/sct","code":"238993006","display":"Acral erythema"},{"system":"http://snomed.info/sct","code":"281239006","display":"Acute asthma"},{"system":"http://snomed.info/sct","code":"195951007","display":"Acute exacerbation of COPD"},{"system":"http://snomed.info/sct","code":"197270009","display":"Acute hepatic failure"},{"system":"http://snomed.info/sct","code":"37871000","display":"Acute hepatitis"},{"system":"http://snomed.info/sct","code":"57054005","display":"Acute myocardial infarction"},{"system":"http://snomed.info/sct","code":"197456007","display":"Acute pancreatitis"},{"system":"http://snomed.info/sct","code":"40541001","display":"Acute pulmonary oedema"},{"system":"http://snomed.info/sct","code":"14669001","display":"Acute renal failure syndrome"},{"system":"http://snomed.info/sct","code":"35455006","display":"Acute tubular necrosis"},{"system":"http://snomed.info/sct","code":"28637003","display":"Acute tubulointerstitial nephritis"},{"system":"http://snomed.info/sct","code":"61372001","display":"Aggressive behaviour"},{"system":"http://snomed.info/sct","code":"17182001","display":"Agranulocytosis"},{"system":"http://snomed.info/sct","code":"44416002","display":"Airway constriction"},{"system":"http://snomed.info/sct","code":"285145004","display":"Akathisia"},{"system":"http://snomed.info/sct","code":"274769005","display":"Albuminuria"},{"system":"http://snomed.info/sct","code":"274770006","display":"Alkaline phosphatase raised"},{"system":"http://snomed.info/sct","code":"56317004","display":"Alopecia"},{"system":"http://snomed.info/sct","code":"409673008","display":"ALT (SGPT) level raised"},{"system":"http://snomed.info/sct","code":"3006004","display":"Altered consciousness"},{"system":"http://snomed.info/sct","code":"7436001","display":"Alveolar pneumopathy"},{"system":"http://snomed.info/sct","code":"14302001","display":"Amenorrhoea"},{"system":"http://snomed.info/sct","code":"48167000","display":"Amnesia"},{"system":"http://snomed.info/sct","code":"271737000","display":"Anaemia"},{"system":"http://snomed.info/sct","code":"39579001","display":"Anaphylaxis"},{"system":"http://snomed.info/sct","code":"248782001","display":"Anejaculation"},{"system":"http://snomed.info/sct","code":"194828000","display":"Angina"},{"system":"http://snomed.info/sct","code":"41291007","display":"Angioedema"},{"system":"http://snomed.info/sct","code":"402407004","display":"Angioedema of tongue"},{"system":"http://snomed.info/sct","code":"165850001","display":"Anti-nuclear factor positive"},{"system":"http://snomed.info/sct","code":"2472002","display":"Anuria"},{"system":"http://snomed.info/sct","code":"48694002","display":"Anxiety"},{"system":"http://snomed.info/sct","code":"300895004","display":"Anxiety attack"},{"system":"http://snomed.info/sct","code":"87486003","display":"Aphasia"},{"system":"http://snomed.info/sct","code":"441913003","display":"Aphonia"},{"system":"http://snomed.info/sct","code":"426965005","display":"Aphthous ulcer of mouth"},{"system":"http://snomed.info/sct","code":"306058006","display":"Aplastic anaemia"},{"system":"http://snomed.info/sct","code":"1023001","display":"Apnoea"},{"system":"http://snomed.info/sct","code":"87715008","display":"Aptyalism"},{"system":"http://snomed.info/sct","code":"57676002","display":"Arthralgia"},{"system":"http://snomed.info/sct","code":"3723001","display":"Arthritis"},{"system":"http://snomed.info/sct","code":"399269003","display":"Arthropathy"},{"system":"http://snomed.info/sct","code":"389026000","display":"Ascites"},{"system":"http://snomed.info/sct","code":"301770000","display":"Aseptic meningitis"},{"system":"http://snomed.info/sct","code":"398199007","display":"Aseptic necrosis of bone"},{"system":"http://snomed.info/sct","code":"166669000","display":"Aspartate aminotransferase serum level raised"},{"system":"http://snomed.info/sct","code":"71802006","display":"Astasia-abasia"},{"system":"http://snomed.info/sct","code":"13791008","display":"Asthenia"},{"system":"http://snomed.info/sct","code":"20262006","display":"Ataxia"},{"system":"http://snomed.info/sct","code":"49436004","display":"Atrial fibrillation"},{"system":"http://snomed.info/sct","code":"233917008","display":"Atrioventricular block"},{"system":"http://snomed.info/sct","code":"45150006","display":"Auditory hallucinations"},{"system":"http://snomed.info/sct","code":"445009001","display":"Azotaemia"},{"system":"http://snomed.info/sct","code":"79879001","display":"Bad breath - halitosis"},{"system":"http://snomed.info/sct","code":"302188001","display":"Bad taste in mouth"},{"system":"http://snomed.info/sct","code":"28277004","display":"Behaviour showing increased motor activity"},{"system":"http://snomed.info/sct","code":"43994002","display":"Behaviour showing reduced motor activity"},{"system":"http://snomed.info/sct","code":"248020004","display":"Bizarre behaviour"},{"system":"http://snomed.info/sct","code":"81934005","display":"Black hairy tongue"},{"system":"http://snomed.info/sct","code":"131148009","display":"Bleeding"},{"system":"http://snomed.info/sct","code":"86276007","display":"Bleeding gums"},{"system":"http://snomed.info/sct","code":"41446000","display":"Blepharitis"},{"system":"http://snomed.info/sct","code":"59026006","display":"Blepharospasm"},{"system":"http://snomed.info/sct","code":"417237009","display":"Blister"},{"system":"http://snomed.info/sct","code":"64779008","display":"Blood coagulation disorder"},{"system":"http://snomed.info/sct","code":"123789000","display":"Blood coagulation disorder with prolonged bleeding time"},{"system":"http://snomed.info/sct","code":"246681007","display":"Blood in eye"},{"system":"http://snomed.info/sct","code":"166712009","display":"Blood urea abnormal"},{"system":"http://snomed.info/sct","code":"6140007","display":"Blunted affect"},{"system":"http://snomed.info/sct","code":"12584003","display":"Bone pain"},{"system":"http://snomed.info/sct","code":"48867003","display":"Bradycardia"},{"system":"http://snomed.info/sct","code":"399317006","display":"Bradykinesia"},{"system":"http://snomed.info/sct","code":"86684002","display":"Bradypnoea"},{"system":"http://snomed.info/sct","code":"55222007","display":"Breast tenderness"},{"system":"http://snomed.info/sct","code":"32398004","display":"Bronchitis"},{"system":"http://snomed.info/sct","code":"4386001","display":"Bronchospasm"},{"system":"http://snomed.info/sct","code":"191983006","display":"Bruxism (teeth grinding)"},{"system":"http://snomed.info/sct","code":"7231009","display":"Bullous dermatosis"},{"system":"http://snomed.info/sct","code":"271759003","display":"Bullous eruption"},{"system":"http://snomed.info/sct","code":"77090002","display":"Bullous pemphigoid"},{"system":"http://snomed.info/sct","code":"284196006","display":"Burn of skin"},{"system":"http://snomed.info/sct","code":"36349006","display":"Burning pain"},{"system":"http://snomed.info/sct","code":"90673000","display":"Burning sensation"},{"system":"http://snomed.info/sct","code":"271834000","display":"Burping"},{"system":"http://snomed.info/sct","code":"78048006","display":"Candidiasis"},{"system":"http://snomed.info/sct","code":"410429000","display":"Cardiac arrest"},{"system":"http://snomed.info/sct","code":"8186001","display":"Cardiomegaly"},{"system":"http://snomed.info/sct","code":"85898001","display":"Cardiomyopathy"},{"system":"http://snomed.info/sct","code":"193570009","display":"Cataract"},{"system":"http://snomed.info/sct","code":"247917007","display":"Catatonia"},{"system":"http://snomed.info/sct","code":"128045006","display":"Cellulitis"},{"system":"http://snomed.info/sct","code":"274100004","display":"Cerebral haemorrhage"},{"system":"http://snomed.info/sct","code":"432504007","display":"Cerebral infarction"},{"system":"http://snomed.info/sct","code":"2032001","display":"Cerebral oedema"},{"system":"http://snomed.info/sct","code":"62914000","display":"Cerebrovascular disease"},{"system":"http://snomed.info/sct","code":"274657005","display":"Change in voice"},{"system":"http://snomed.info/sct","code":"402294001","display":"Chapping of lips"},{"system":"http://snomed.info/sct","code":"7847004","display":"Cheilitis"},{"system":"http://snomed.info/sct","code":"279084009","display":"Chest discomfort"},{"system":"http://snomed.info/sct","code":"29857009","display":"Chest pain"},{"system":"http://snomed.info/sct","code":"43724002","display":"Chill"},{"system":"http://snomed.info/sct","code":"373909009","display":"Choking sensation"},{"system":"http://snomed.info/sct","code":"76581006","display":"Cholecystitis"},{"system":"http://snomed.info/sct","code":"266474003","display":"Cholelithiasis"},{"system":"http://snomed.info/sct","code":"33688009","display":"Cholestasis"},{"system":"http://snomed.info/sct","code":"95556007","display":"Cholestatic hepatitis"},{"system":"http://snomed.info/sct","code":"44018007","display":"Cholestatic jaundice syndrome"},{"system":"http://snomed.info/sct","code":"43105007","display":"Choreoathetosis"},{"system":"http://snomed.info/sct","code":"19943007","display":"Cirrhosis of liver"},{"system":"http://snomed.info/sct","code":"423590009","display":"Clostridium difficile colitis"},{"system":"http://snomed.info/sct","code":"771542000","display":"Cold extremity"},{"system":"http://snomed.info/sct","code":"83547004","display":"Cold sweat"},{"system":"http://snomed.info/sct","code":"64226004","display":"Colitis"},{"system":"http://snomed.info/sct","code":"271787007","display":"Collapse"},{"system":"http://snomed.info/sct","code":"371632003","display":"Coma"},{"system":"http://snomed.info/sct","code":"44808001","display":"Conduction disorder of the heart"},{"system":"http://snomed.info/sct","code":"40917007","display":"Confusion"},{"system":"http://snomed.info/sct","code":"102617004","display":"Congestion of throat"},{"system":"http://snomed.info/sct","code":"42343007","display":"Congestive heart failure"},{"system":"http://snomed.info/sct","code":"21117005","display":"Conjunctival haemorrhage"},{"system":"http://snomed.info/sct","code":"9826008","display":"Conjunctivitis"},{"system":"http://snomed.info/sct","code":"14760008","display":"Constipation"},{"system":"http://snomed.info/sct","code":"301939004","display":"Constricted pupil"},{"system":"http://snomed.info/sct","code":"247324004","display":"Constriction in throat"},{"system":"http://snomed.info/sct","code":"40275004","display":"Contact dermatitis"},{"system":"http://snomed.info/sct","code":"125667009","display":"Contusion"},{"system":"http://snomed.info/sct","code":"74789008","display":"Coombs positive haemolytic anaemia"},{"system":"http://snomed.info/sct","code":"302289002","display":"Coordination problem"},{"system":"http://snomed.info/sct","code":"248599002","display":"Copious sputum"},{"system":"http://snomed.info/sct","code":"49727002","display":"Cough"},{"system":"http://snomed.info/sct","code":"167183007","display":"Creatinine clearance-glomerular filtration abnormal"},{"system":"http://snomed.info/sct","code":"34000006","display":"Crohn's disease"},{"system":"http://snomed.info/sct","code":"304534000","display":"Crying"},{"system":"http://snomed.info/sct","code":"47270006","display":"Cushing's syndrome"},{"system":"http://snomed.info/sct","code":"3415004","display":"Cyanosis"},{"system":"http://snomed.info/sct","code":"38822007","display":"Cystitis"},{"system":"http://snomed.info/sct","code":"281862002","display":"Daytime enuresis"},{"system":"http://snomed.info/sct","code":"64379006","display":"Decrease in appetite"},{"system":"http://snomed.info/sct","code":"443371007","display":"Decreased level of consciousness"},{"system":"http://snomed.info/sct","code":"76114004","display":"Decreased renal function"},{"system":"http://snomed.info/sct","code":"128053003","display":"Deep venous thrombosis"},{"system":"http://snomed.info/sct","code":"34095006","display":"Dehydration"},{"system":"http://snomed.info/sct","code":"248062006","display":"Deliberate self-harm"},{"system":"http://snomed.info/sct","code":"2776000","display":"Delirium"},{"system":"http://snomed.info/sct","code":"48500005","display":"Delusional disorder"},{"system":"http://snomed.info/sct","code":"2073000","display":"Delusions"},{"system":"http://snomed.info/sct","code":"80967001","display":"Dental caries"},{"system":"http://snomed.info/sct","code":"79499004","display":"Depersonalisation"},{"system":"http://snomed.info/sct","code":"366979004","display":"Depressed mood"},{"system":"http://snomed.info/sct","code":"35489007","display":"Depression"},{"system":"http://snomed.info/sct","code":"15771004","display":"Diabetes insipidus"},{"system":"http://snomed.info/sct","code":"62315008","display":"Diarrhoea"},{"system":"http://snomed.info/sct","code":"249519007","display":"Diarrhoea and vomiting"},{"system":"http://snomed.info/sct","code":"230145002","display":"Difficulty breathing"},{"system":"http://snomed.info/sct","code":"102835006","display":"Difficulty passing urine"},{"system":"http://snomed.info/sct","code":"301345002","display":"Difficulty sleeping"},{"system":"http://snomed.info/sct","code":"249902000","display":"Difficulty standing"},{"system":"http://snomed.info/sct","code":"286378009","display":"Difficulty talking"},{"system":"http://snomed.info/sct","code":"709493000","display":"Digestive system reflux"},{"system":"http://snomed.info/sct","code":"37125009","display":"Dilated pupil"},{"system":"http://snomed.info/sct","code":"24982008","display":"Diplopia"},{"system":"http://snomed.info/sct","code":"3253007","display":"Discolouration of skin"},{"system":"http://snomed.info/sct","code":"247347003","display":"Discomfort"},{"system":"http://snomed.info/sct","code":"247973004","display":"Disinhibited behaviour"},{"system":"http://snomed.info/sct","code":"54552008","display":"Disorder of accommodation"},{"system":"http://snomed.info/sct","code":"73013002","display":"Disorder of cranial nerve"},{"system":"http://snomed.info/sct","code":"62476001","display":"Disorientated"},{"system":"http://snomed.info/sct","code":"67406007","display":"Disseminated intravascular coagulation"},{"system":"http://snomed.info/sct","code":"76039005","display":"Disturbance of attention"},{"system":"http://snomed.info/sct","code":"162182005","display":"Diuresis"},{"system":"http://snomed.info/sct","code":"307496006","display":"Diverticulitis"},{"system":"http://snomed.info/sct","code":"404640003","display":"Dizziness"},{"system":"http://snomed.info/sct","code":"62718007","display":"Drooling"},{"system":"http://snomed.info/sct","code":"271782001","display":"Drowsy"},{"system":"http://snomed.info/sct","code":"11833005","display":"Dry cough"},{"system":"http://snomed.info/sct","code":"162290004","display":"Dry eyes"},{"system":"http://snomed.info/sct","code":"16386004","display":"Dry skin"},{"system":"http://snomed.info/sct","code":"102618009","display":"Dry throat"},{"system":"http://snomed.info/sct","code":"27281001","display":"Duodenal ulcer with haemorrhage"},{"system":"http://snomed.info/sct","code":"88968005","display":"Duodenal ulcer with perforation"},{"system":"http://snomed.info/sct","code":"8011004","display":"Dysarthria"},{"system":"http://snomed.info/sct","code":"9748009","display":"Dyskinesia"},{"system":"http://snomed.info/sct","code":"370992007","display":"Dyslipidaemia"},{"system":"http://snomed.info/sct","code":"266599000","display":"Dysmenorrhoea"},{"system":"http://snomed.info/sct","code":"40739000","display":"Dysphagia"},{"system":"http://snomed.info/sct","code":"20301004","display":"Dysphasia"},{"system":"http://snomed.info/sct","code":"30819006","display":"Dysphoric mood"},{"system":"http://snomed.info/sct","code":"267036007","display":"Dyspnoea"},{"system":"http://snomed.info/sct","code":"44186003","display":"Dyssomnia"},{"system":"http://snomed.info/sct","code":"15802004","display":"Dystonia"},{"system":"http://snomed.info/sct","code":"49650001","display":"Dysuria"},{"system":"http://snomed.info/sct","code":"72366004","display":"Eating disorder"},{"system":"http://snomed.info/sct","code":"43116000","display":"Eczema"},{"system":"http://snomed.info/sct","code":"166686006","display":"Electrolytes abnormal"},{"system":"http://snomed.info/sct","code":"414086009","display":"Embolism"},{"system":"http://snomed.info/sct","code":"386816005","display":"Emotional problems"},{"system":"http://snomed.info/sct","code":"309838005","display":"Emotional upset"},{"system":"http://snomed.info/sct","code":"386789004","display":"Eosinophil count raised"},{"system":"http://snomed.info/sct","code":"79922009","display":"Epigastric pain"},{"system":"http://snomed.info/sct","code":"249366005","display":"Epistaxis"},{"system":"http://snomed.info/sct","code":"860914002","display":"Erectile dysfunction"},{"system":"http://snomed.info/sct","code":"247441003","display":"Erythema"},{"system":"http://snomed.info/sct","code":"36715001","display":"Erythema multiforme"},{"system":"http://snomed.info/sct","code":"32861005","display":"Erythema nodosum"},{"system":"http://snomed.info/sct","code":"444827008","display":"Erythema of skin"},{"system":"http://snomed.info/sct","code":"399992009","display":"Erythroderma"},{"system":"http://snomed.info/sct","code":"240302002","display":"Erythroderma neonatorum"},{"system":"http://snomed.info/sct","code":"165468009","display":"ESR raised"},{"system":"http://snomed.info/sct","code":"85949006","display":"Euphoria"},{"system":"http://snomed.info/sct","code":"96311000119109","display":"Exacerbation of congestive heart failure"},{"system":"http://snomed.info/sct","code":"414153008","display":"Exacerbation of Crohn's disease of large intestine"},{"system":"http://snomed.info/sct","code":"414154002","display":"Exacerbation of Crohn's disease of small intestine"},{"system":"http://snomed.info/sct","code":"414156000","display":"Exacerbation of ulcerative colitis"},{"system":"http://snomed.info/sct","code":"53827007","display":"Excessive salivation"},{"system":"http://snomed.info/sct","code":"52613005","display":"Excessive sweating"},{"system":"http://snomed.info/sct","code":"17173007","display":"Excessive thirst"},{"system":"http://snomed.info/sct","code":"60119000","display":"Exhaustion"},{"system":"http://snomed.info/sct","code":"394697003","display":"Extrapyramidal movements"},{"system":"http://snomed.info/sct","code":"43378000","display":"Extrapyramidal sign"},{"system":"http://snomed.info/sct","code":"271811009","display":"Face goes red"},{"system":"http://snomed.info/sct","code":"280816001","display":"Facial palsy"},{"system":"http://snomed.info/sct","code":"278528006","display":"Facial swelling"},{"system":"http://snomed.info/sct","code":"271863002","display":"Faeces colour abnormal"},{"system":"http://snomed.info/sct","code":"161898004","display":"Falls"},{"system":"http://snomed.info/sct","code":"84229001","display":"Fatigue"},{"system":"http://snomed.info/sct","code":"1402001","display":"Fear"},{"system":"http://snomed.info/sct","code":"24199005","display":"Feeling agitated"},{"system":"http://snomed.info/sct","code":"75408008","display":"Feeling angry"},{"system":"http://snomed.info/sct","code":"102897001","display":"Feeling intoxicated"},{"system":"http://snomed.info/sct","code":"55929007","display":"Feeling irritable"},{"system":"http://snomed.info/sct","code":"373932008","display":"Feels hot"},{"system":"http://snomed.info/sct","code":"130955003","display":"Fetal distress"},{"system":"http://snomed.info/sct","code":"65870008","display":"Fetor hepaticus"},{"system":"http://snomed.info/sct","code":"386661006","display":"Fever"},{"system":"http://snomed.info/sct","code":"298329005","display":"Flinging movement"},{"system":"http://snomed.info/sct","code":"238810007","display":"Flushing"},{"system":"http://snomed.info/sct","code":"55533009","display":"Forgetful"},{"system":"http://snomed.info/sct","code":"15037002","display":"Formication"},{"system":"http://snomed.info/sct","code":"162116003","display":"Frequent urination"},{"system":"http://snomed.info/sct","code":"78622004","display":"Galactorrhoea not associated with childbirth"},{"system":"http://snomed.info/sct","code":"274782002","display":"Gamma-glutamyl transferase raised"},{"system":"http://snomed.info/sct","code":"235651006","display":"Gastric erosion"},{"system":"http://snomed.info/sct","code":"61401005","display":"Gastric haemorrhage"},{"system":"http://snomed.info/sct","code":"397825006","display":"Gastric ulcer"},{"system":"http://snomed.info/sct","code":"15902003","display":"Gastric ulcer with haemorrhage"},{"system":"http://snomed.info/sct","code":"4556007","display":"Gastritis"},{"system":"http://snomed.info/sct","code":"25374005","display":"Gastroenteritis"},{"system":"http://snomed.info/sct","code":"235595009","display":"Gastroesophageal reflux disease"},{"system":"http://snomed.info/sct","code":"74474003","display":"Gastrointestinal haemorrhage"},{"system":"http://snomed.info/sct","code":"95516005","display":"Gastrointestinal irritation"},{"system":"http://snomed.info/sct","code":"40845000","display":"Gastrointestinal ulcer"},{"system":"http://snomed.info/sct","code":"285384003","display":"General health deterioration"},{"system":"http://snomed.info/sct","code":"82991003","display":"Generalised aches and pains"},{"system":"http://snomed.info/sct","code":"274741002","display":"Generalised lymphadenopathy"},{"system":"http://snomed.info/sct","code":"276444007","display":"Generalised pruritus"},{"system":"http://snomed.info/sct","code":"28840001","display":"Generalised pustular psoriasis, exanthematous type"},{"system":"http://snomed.info/sct","code":"213257006","display":"Generally unwell"},{"system":"http://snomed.info/sct","code":"66383009","display":"Gingivitis"},{"system":"http://snomed.info/sct","code":"23986001","display":"Glaucoma"},{"system":"http://snomed.info/sct","code":"36171008","display":"Glomerulonephritis"},{"system":"http://snomed.info/sct","code":"45534005","display":"Glossitis"},{"system":"http://snomed.info/sct","code":"30731004","display":"Glossodynia"},{"system":"http://snomed.info/sct","code":"45154002","display":"Glycosuria"},{"system":"http://snomed.info/sct","code":"90560007","display":"Gout"},{"system":"http://snomed.info/sct","code":"417672002","display":"Granulocytopenia"},{"system":"http://snomed.info/sct","code":"40956001","display":"Guillain-Barré syndrome"},{"system":"http://snomed.info/sct","code":"4754008","display":"Gynaecomastia"},{"system":"http://snomed.info/sct","code":"81808003","display":"Haemarthrosis"},{"system":"http://snomed.info/sct","code":"8765009","display":"Haematemesis"},{"system":"http://snomed.info/sct","code":"405729008","display":"Haematochezia"},{"system":"http://snomed.info/sct","code":"385494008","display":"Haematoma"},{"system":"http://snomed.info/sct","code":"34436003","display":"Haematuria"},{"system":"http://snomed.info/sct","code":"165397008","display":"Haemoglobin low"},{"system":"http://snomed.info/sct","code":"73320003","display":"Haemolysis"},{"system":"http://snomed.info/sct","code":"61261009","display":"Haemolytic anaemia"},{"system":"http://snomed.info/sct","code":"66857006","display":"Haemoptysis"},{"system":"http://snomed.info/sct","code":"87696004","display":"Haemorrhagic cystitis"},{"system":"http://snomed.info/sct","code":"70153002","display":"Haemorrhoids"},{"system":"http://snomed.info/sct","code":"247566002","display":"Hair colour change"},{"system":"http://snomed.info/sct","code":"7011001","display":"Hallucinations"},{"system":"http://snomed.info/sct","code":"246636008","display":"Hazy vision"},{"system":"http://snomed.info/sct","code":"25064002","display":"Headache"},{"system":"http://snomed.info/sct","code":"15188001","display":"Hearing loss"},{"system":"http://snomed.info/sct","code":"16331000","display":"Heartburn"},{"system":"http://snomed.info/sct","code":"161874006","display":"Heavy feeling"},{"system":"http://snomed.info/sct","code":"162311003","display":"Heavy head"},{"system":"http://snomed.info/sct","code":"59927004","display":"Hepatic failure"},{"system":"http://snomed.info/sct","code":"87248009","display":"Hepatic necrosis"},{"system":"http://snomed.info/sct","code":"419616000","display":"Hepatocellular liver damage"},{"system":"http://snomed.info/sct","code":"80515008","display":"Hepatomegaly"},{"system":"http://snomed.info/sct","code":"36760000","display":"Hepatosplenomegaly"},{"system":"http://snomed.info/sct","code":"65958008","display":"Hiccups"},{"system":"http://snomed.info/sct","code":"399939002","display":"Hirsutism"},{"system":"http://snomed.info/sct","code":"247472004","display":"Hives"},{"system":"http://snomed.info/sct","code":"50219008","display":"Hoarse"},{"system":"http://snomed.info/sct","code":"225450009","display":"Homicidal thoughts"},{"system":"http://snomed.info/sct","code":"44548000","display":"Hyperactive behaviour"},{"system":"http://snomed.info/sct","code":"781682005","display":"Hyperaemia of eye"},{"system":"http://snomed.info/sct","code":"14151009","display":"Hyperaesthesia"},{"system":"http://snomed.info/sct","code":"425522009","display":"Hyperammonemic encephalopathy"},{"system":"http://snomed.info/sct","code":"14783006","display":"Hyperbilirubinaemia"},{"system":"http://snomed.info/sct","code":"66931009","display":"Hypercalcaemia"},{"system":"http://snomed.info/sct","code":"29596007","display":"Hypercapnia"},{"system":"http://snomed.info/sct","code":"13644009","display":"Hypercholesterolaemia"},{"system":"http://snomed.info/sct","code":"444673007","display":"Hyperemesis"},{"system":"http://snomed.info/sct","code":"80394007","display":"Hyperglycaemia"},{"system":"http://snomed.info/sct","code":"312230002","display":"Hyperhidrosis"},{"system":"http://snomed.info/sct","code":"14140009","display":"Hyperkalaemia"},{"system":"http://snomed.info/sct","code":"55822004","display":"Hyperlipidaemia"},{"system":"http://snomed.info/sct","code":"771115008","display":"Hypernatraemia"},{"system":"http://snomed.info/sct","code":"441798003","display":"Hyperplasia of gingiva"},{"system":"http://snomed.info/sct","code":"237662005","display":"Hyperprolactinaemia"},{"system":"http://snomed.info/sct","code":"86854008","display":"Hyperreflexia"},{"system":"http://snomed.info/sct","code":"60555002","display":"Hypersensitivity angiitis"},{"system":"http://snomed.info/sct","code":"77692006","display":"Hypersomnia"},{"system":"http://snomed.info/sct","code":"75722007","display":"Hypertalkativity"},{"system":"http://snomed.info/sct","code":"38341003","display":"Hypertension"},{"system":"http://snomed.info/sct","code":"50490005","display":"Hypertensive encephalopathy"},{"system":"http://snomed.info/sct","code":"50177009","display":"Hyperthermia"},{"system":"http://snomed.info/sct","code":"34486009","display":"Hyperthyroidism"},{"system":"http://snomed.info/sct","code":"56731001","display":"Hypertonia"},{"system":"http://snomed.info/sct","code":"29966009","display":"Hypertrichosis"},{"system":"http://snomed.info/sct","code":"302870006","display":"Hypertriglyceridaemia"},{"system":"http://snomed.info/sct","code":"372281005","display":"Hypertrophy of breast"},{"system":"http://snomed.info/sct","code":"441787004","display":"Hypertrophy of gingiva"},{"system":"http://snomed.info/sct","code":"45338009","display":"Hypertrophy of salivary gland"},{"system":"http://snomed.info/sct","code":"68978004","display":"Hyperventilation"},{"system":"http://snomed.info/sct","code":"75229002","display":"Hyphaema"},{"system":"http://snomed.info/sct","code":"397974008","display":"Hypoaesthesia"},{"system":"http://snomed.info/sct","code":"5291005","display":"Hypocalcaemia"},{"system":"http://snomed.info/sct","code":"10399008","display":"Hypochloraemia"},{"system":"http://snomed.info/sct","code":"302866003","display":"Hypoglycaemia"},{"system":"http://snomed.info/sct","code":"43339004","display":"Hypokalaemia"},{"system":"http://snomed.info/sct","code":"190855004","display":"Hypomagnesaemia"},{"system":"http://snomed.info/sct","code":"231496004","display":"Hypomania"},{"system":"http://snomed.info/sct","code":"89627008","display":"Hyponatraemia"},{"system":"http://snomed.info/sct","code":"8900005","display":"Hypoproteinaemia"},{"system":"http://snomed.info/sct","code":"22994000","display":"Hyporeflexia"},{"system":"http://snomed.info/sct","code":"45007003","display":"Hypotension"},{"system":"http://snomed.info/sct","code":"386689009","display":"Hypothermia"},{"system":"http://snomed.info/sct","code":"40930008","display":"Hypothyroidism"},{"system":"http://snomed.info/sct","code":"31515003","display":"Hypoventilation"},{"system":"http://snomed.info/sct","code":"389086002","display":"Hypoxia"},{"system":"http://snomed.info/sct","code":"68267002","display":"Idiopathic intracranial hypertension"},{"system":"http://snomed.info/sct","code":"191306005","display":"Immunoglobulin A vasculitis"},{"system":"http://snomed.info/sct","code":"271618001","display":"Impaired wound healing"},{"system":"http://snomed.info/sct","code":"387603000","display":"Impairment of balance"},{"system":"http://snomed.info/sct","code":"112082005","display":"Inappropriate behaviour"},{"system":"http://snomed.info/sct","code":"284596004","display":"Incoherent speech"},{"system":"http://snomed.info/sct","code":"409624004","display":"Incomplete paralysis"},{"system":"http://snomed.info/sct","code":"48340000","display":"Incontinence"},{"system":"http://snomed.info/sct","code":"72042002","display":"Incontinence of faeces"},{"system":"http://snomed.info/sct","code":"72405004","display":"Increased appetite"},{"system":"http://snomed.info/sct","code":"432352001","display":"Increased creatine kinase level"},{"system":"http://snomed.info/sct","code":"41179007","display":"Increased erection of penis"},{"system":"http://snomed.info/sct","code":"58436003","display":"Increased libido"},{"system":"http://snomed.info/sct","code":"16539002","display":"Increased skin sensitivity"},{"system":"http://snomed.info/sct","code":"249477003","display":"Increased thirst"},{"system":"http://snomed.info/sct","code":"20602000","display":"Indifference"},{"system":"http://snomed.info/sct","code":"162031009","display":"Indigestion"},{"system":"http://snomed.info/sct","code":"8619003","display":"Infertile"},{"system":"http://snomed.info/sct","code":"703938007","display":"Inflammatory dermatosis"},{"system":"http://snomed.info/sct","code":"128241005","display":"Inflammatory disease of liver"},{"system":"http://snomed.info/sct","code":"128139000","display":"Inflammatory disorder"},{"system":"http://snomed.info/sct","code":"21018002","display":"Inflammatory neuropathy"},{"system":"http://snomed.info/sct","code":"417373000","display":"Inflammatory polyarthropathy"},{"system":"http://snomed.info/sct","code":"95891005","display":"Influenza-like illness"},{"system":"http://snomed.info/sct","code":"313341008","display":"INR raised"},{"system":"http://snomed.info/sct","code":"193462001","display":"Insomnia"},{"system":"http://snomed.info/sct","code":"64996003","display":"Intermenstrual bleeding - irregular"},{"system":"http://snomed.info/sct","code":"233703007","display":"Interstitial lung disease"},{"system":"http://snomed.info/sct","code":"81060008","display":"Intestinal obstruction"},{"system":"http://snomed.info/sct","code":"56905009","display":"Intestinal perforation"},{"system":"http://snomed.info/sct","code":"1386000","display":"Intracranial haemorrhage"},{"system":"http://snomed.info/sct","code":"49723003","display":"Intussusception of intestine"},{"system":"http://snomed.info/sct","code":"65074000","display":"Iritis"},{"system":"http://snomed.info/sct","code":"80182007","display":"Irregular menstruation"},{"system":"http://snomed.info/sct","code":"10743008","display":"Irritable bowel syndrome"},{"system":"http://snomed.info/sct","code":"418290006","display":"Itching"},{"system":"http://snomed.info/sct","code":"74776002","display":"Itching of eye"},{"system":"http://snomed.info/sct","code":"18165001","display":"Jaundice"},{"system":"http://snomed.info/sct","code":"271771009","display":"Joint swelling"},{"system":"http://snomed.info/sct","code":"5888003","display":"Keratitis"},{"system":"http://snomed.info/sct","code":"2538008","display":"Ketosis"},{"system":"http://snomed.info/sct","code":"23034007","display":"Ketotic breath"},{"system":"http://snomed.info/sct","code":"88729006","display":"Labile affect"},{"system":"http://snomed.info/sct","code":"251080003","display":"Labile blood pressure"},{"system":"http://snomed.info/sct","code":"248096004","display":"Lack of libido"},{"system":"http://snomed.info/sct","code":"91273001","display":"Lactic acidosis"},{"system":"http://snomed.info/sct","code":"406444002","display":"Laryngeal spasm"},{"system":"http://snomed.info/sct","code":"45913009","display":"Laryngitis"},{"system":"http://snomed.info/sct","code":"214264003","display":"Lethargy"},{"system":"http://snomed.info/sct","code":"111583006","display":"Leucocytosis"},{"system":"http://snomed.info/sct","code":"84828003","display":"Leucopenia"},{"system":"http://snomed.info/sct","code":"403198004","display":"Lichenoid actinic keratosis"},{"system":"http://snomed.info/sct","code":"386705008","display":"Lightheadedness"},{"system":"http://snomed.info/sct","code":"441957004","display":"Lipase in serum specimen above reference range"},{"system":"http://snomed.info/sct","code":"71325002","display":"Lipodystrophy"},{"system":"http://snomed.info/sct","code":"166643006","display":"Liver enzymes abnormal"},{"system":"http://snomed.info/sct","code":"166603001","display":"Liver function tests abnormal"},{"system":"http://snomed.info/sct","code":"398032003","display":"Loose faeces"},{"system":"http://snomed.info/sct","code":"79890006","display":"Loss of appetite"},{"system":"http://snomed.info/sct","code":"419045004","display":"Loss of consciousness"},{"system":"http://snomed.info/sct","code":"44169009","display":"Loss of sense of smell"},{"system":"http://snomed.info/sct","code":"36955009","display":"Loss of taste"},{"system":"http://snomed.info/sct","code":"54586004","display":"Lower abdominal pain"},{"system":"http://snomed.info/sct","code":"238926009","display":"Lupus erythematosus and erythema multiforme-like syndrome"},{"system":"http://snomed.info/sct","code":"239944008","display":"Lupus vasculitis"},{"system":"http://snomed.info/sct","code":"768962006","display":"Lyell syndrome"},{"system":"http://snomed.info/sct","code":"19471005","display":"Lymphadenitis"},{"system":"http://snomed.info/sct","code":"30746006","display":"Lymphadenopathy"},{"system":"http://snomed.info/sct","code":"48813009","display":"Lymphocytopenia"},{"system":"http://snomed.info/sct","code":"67023009","display":"Lymphocytosis"},{"system":"http://snomed.info/sct","code":"422338006","display":"Macular degeneration"},{"system":"http://snomed.info/sct","code":"271756005","display":"Macular rash"},{"system":"http://snomed.info/sct","code":"247471006","display":"Maculopapular rash"},{"system":"http://snomed.info/sct","code":"367391008","display":"Malaise"},{"system":"http://snomed.info/sct","code":"405501007","display":"Malignant hyperthermia"},{"system":"http://snomed.info/sct","code":"231494001","display":"Mania"},{"system":"http://snomed.info/sct","code":"2901004","display":"Melaena"},{"system":"http://snomed.info/sct","code":"386807006","display":"Memory impairment"},{"system":"http://snomed.info/sct","code":"437986008","display":"Meningism"},{"system":"http://snomed.info/sct","code":"7180009","display":"Meningitis"},{"system":"http://snomed.info/sct","code":"386692008","display":"Menorrhagia"},{"system":"http://snomed.info/sct","code":"248236005","display":"Mentally vague"},{"system":"http://snomed.info/sct","code":"59455009","display":"Metabolic acidosis"},{"system":"http://snomed.info/sct","code":"11193009","display":"Metallic taste"},{"system":"http://snomed.info/sct","code":"38959009","display":"Methaemoglobinaemia"},{"system":"http://snomed.info/sct","code":"37796009","display":"Migraine"},{"system":"http://snomed.info/sct","code":"17369002","display":"Miscarriage"},{"system":"http://snomed.info/sct","code":"18963009","display":"Mood swings"},{"system":"http://snomed.info/sct","code":"247470007","display":"Morbilliform rash"},{"system":"http://snomed.info/sct","code":"398991009","display":"Motor retardation"},{"system":"http://snomed.info/sct","code":"95361005","display":"Mucositis"},{"system":"http://snomed.info/sct","code":"95352005","display":"Mucous membrane swelling"},{"system":"http://snomed.info/sct","code":"57653000","display":"Multiple organ failure"},{"system":"http://snomed.info/sct","code":"88092000","display":"Muscle atrophy"},{"system":"http://snomed.info/sct","code":"55300003","display":"Muscle cramp"},{"system":"http://snomed.info/sct","code":"82470000","display":"Muscle fasciculation"},{"system":"http://snomed.info/sct","code":"16046003","display":"Muscle rigidity"},{"system":"http://snomed.info/sct","code":"60238002","display":"Muscle twitch"},{"system":"http://snomed.info/sct","code":"26544005","display":"Muscle weakness"},{"system":"http://snomed.info/sct","code":"68962001","display":"Myalgia"},{"system":"http://snomed.info/sct","code":"22298006","display":"Myocardial infarction"},{"system":"http://snomed.info/sct","code":"414795007","display":"Myocardial ischaemia"},{"system":"http://snomed.info/sct","code":"50920009","display":"Myocarditis"},{"system":"http://snomed.info/sct","code":"17450006","display":"Myoclonus"},{"system":"http://snomed.info/sct","code":"48165008","display":"Myoglobinuria"},{"system":"http://snomed.info/sct","code":"26889001","display":"Myositis"},{"system":"http://snomed.info/sct","code":"90172009","display":"Narcosis"},{"system":"http://snomed.info/sct","code":"68235000","display":"Nasal congestion"},{"system":"http://snomed.info/sct","code":"64531003","display":"Nasal discharge"},{"system":"http://snomed.info/sct","code":"51476001","display":"Nasopharyngitis"},{"system":"http://snomed.info/sct","code":"422587007","display":"Nausea"},{"system":"http://snomed.info/sct","code":"16932000","display":"Nausea and vomiting"},{"system":"http://snomed.info/sct","code":"52845002","display":"Nephritis"},{"system":"http://snomed.info/sct","code":"52254009","display":"Nephrotic syndrome"},{"system":"http://snomed.info/sct","code":"424196004","display":"Nervousness"},{"system":"http://snomed.info/sct","code":"16269008","display":"Neuralgia"},{"system":"http://snomed.info/sct","code":"15244003","display":"Neuroleptic malignant syndrome"},{"system":"http://snomed.info/sct","code":"386033004","display":"Neuropathy"},{"system":"http://snomed.info/sct","code":"111475002","display":"Neurosis"},{"system":"http://snomed.info/sct","code":"19466003","display":"Neurotoxicity"},{"system":"http://snomed.info/sct","code":"303011007","display":"Neutropenic disorder"},{"system":"http://snomed.info/sct","code":"414850009","display":"Neutrophilia disorder"},{"system":"http://snomed.info/sct","code":"42984000","display":"Night sweats"},{"system":"http://snomed.info/sct","code":"419145002","display":"Nightmares"},{"system":"http://snomed.info/sct","code":"8009008","display":"Nocturnal enuresis"},{"system":"http://snomed.info/sct","code":"35001004","display":"Non-allergic anaphylaxis"},{"system":"http://snomed.info/sct","code":"399131003","display":"Non-menstrual vaginal bleeding"},{"system":"http://snomed.info/sct","code":"3696007","display":"Nonulcer dyspepsia"},{"system":"http://snomed.info/sct","code":"44452003","display":"Normocytic hypochromic anaemia"},{"system":"http://snomed.info/sct","code":"44077006","display":"Numbness"},{"system":"http://snomed.info/sct","code":"563001","display":"Nystagmus"},{"system":"http://snomed.info/sct","code":"191736004","display":"Obsessive-compulsive disorder"},{"system":"http://snomed.info/sct","code":"5332004","display":"Oculogyric crisis"},{"system":"http://snomed.info/sct","code":"267038008","display":"Oedema"},{"system":"http://snomed.info/sct","code":"51599000","display":"Oedema of larynx"},{"system":"http://snomed.info/sct","code":"2129002","display":"Oedema of pharynx"},{"system":"http://snomed.info/sct","code":"81950002","display":"Oedema of the tongue"},{"system":"http://snomed.info/sct","code":"16761005","display":"Oesophagitis"},{"system":"http://snomed.info/sct","code":"83128009","display":"Oliguria"},{"system":"http://snomed.info/sct","code":"8652009","display":"Opisthotonus"},{"system":"http://snomed.info/sct","code":"423341008","display":"Optic disc oedema"},{"system":"http://snomed.info/sct","code":"66760008","display":"Optic neuritis"},{"system":"http://snomed.info/sct","code":"432807008","display":"Oral allergy syndrome"},{"system":"http://snomed.info/sct","code":"229692002","display":"Oral dystonia"},{"system":"http://snomed.info/sct","code":"95525004","display":"Oral hypoaesthesia"},{"system":"http://snomed.info/sct","code":"95524000","display":"Oral paraesthesia"},{"system":"http://snomed.info/sct","code":"62607004","display":"Orgasm incapacity"},{"system":"http://snomed.info/sct","code":"28651003","display":"Orthostatic hypotension"},{"system":"http://snomed.info/sct","code":"396275006","display":"Osteoarthritis"},{"system":"http://snomed.info/sct","code":"60168000","display":"Osteomyelitis"},{"system":"http://snomed.info/sct","code":"64859006","display":"Osteoporosis"},{"system":"http://snomed.info/sct","code":"16001004","display":"Otalgia"},{"system":"http://snomed.info/sct","code":"65363002","display":"Otitis media"},{"system":"http://snomed.info/sct","code":"9062008","display":"Ototoxicity"},{"system":"http://snomed.info/sct","code":"22253000","display":"Pain"},{"system":"http://snomed.info/sct","code":"197938001","display":"Painless haematuria"},{"system":"http://snomed.info/sct","code":"398979000","display":"Pale complexion"},{"system":"http://snomed.info/sct","code":"80313002","display":"Palpitations"},{"system":"http://snomed.info/sct","code":"75694006","display":"Pancreatitis"},{"system":"http://snomed.info/sct","code":"127034005","display":"Pancytopenia"},{"system":"http://snomed.info/sct","code":"225624000","display":"Panic attack"},{"system":"http://snomed.info/sct","code":"271757001","display":"Papular eruption"},{"system":"http://snomed.info/sct","code":"91019004","display":"Paraesthesia"},{"system":"http://snomed.info/sct","code":"44695005","display":"Paralysis"},{"system":"http://snomed.info/sct","code":"55525008","display":"Paralytic ileus"},{"system":"http://snomed.info/sct","code":"58690002","display":"Parasomnia"},{"system":"http://snomed.info/sct","code":"32798002","display":"Parkinsonism"},{"system":"http://snomed.info/sct","code":"249504006","display":"Passing flatus"},{"system":"http://snomed.info/sct","code":"271767006","display":"Peeling of skin"},{"system":"http://snomed.info/sct","code":"86142006","display":"Pemphigoid"},{"system":"http://snomed.info/sct","code":"65172003","display":"Pemphigus"},{"system":"http://snomed.info/sct","code":"13200003","display":"Peptic ulcer"},{"system":"http://snomed.info/sct","code":"64121000","display":"Peptic ulcer with haemorrhage"},{"system":"http://snomed.info/sct","code":"373945007","display":"Pericardial effusion"},{"system":"http://snomed.info/sct","code":"3238004","display":"Pericarditis"},{"system":"http://snomed.info/sct","code":"233958001","display":"Peripheral ischaemia"},{"system":"http://snomed.info/sct","code":"302226006","display":"Peripheral neuropathy"},{"system":"http://snomed.info/sct","code":"271809000","display":"Peripheral oedema"},{"system":"http://snomed.info/sct","code":"48661000","display":"Peritonitis"},{"system":"http://snomed.info/sct","code":"102943000","display":"Personality change"},{"system":"http://snomed.info/sct","code":"271813007","display":"Petechiae"},{"system":"http://snomed.info/sct","code":"405737000","display":"Pharyngitis"},{"system":"http://snomed.info/sct","code":"61599003","display":"Phlebitis"},{"system":"http://snomed.info/sct","code":"22649008","display":"Photodermatitis"},{"system":"http://snomed.info/sct","code":"409668002","display":"Photophobia"},{"system":"http://snomed.info/sct","code":"56170001","display":"Photopsia"},{"system":"http://snomed.info/sct","code":"90128006","display":"Photosensitivity"},{"system":"http://snomed.info/sct","code":"248004009","display":"Physical aggression"},{"system":"http://snomed.info/sct","code":"62507009","display":"Pins and needles"},{"system":"http://snomed.info/sct","code":"60046008","display":"Pleural effusion"},{"system":"http://snomed.info/sct","code":"196075003","display":"Pleurisy"},{"system":"http://snomed.info/sct","code":"2237002","display":"Pleuritic pain"},{"system":"http://snomed.info/sct","code":"205237003","display":"Pneumonitis"},{"system":"http://snomed.info/sct","code":"28442001","display":"Polyuria"},{"system":"http://snomed.info/sct","code":"26329005","display":"Poor concentration"},{"system":"http://snomed.info/sct","code":"398152000","display":"Poor muscle tone"},{"system":"http://snomed.info/sct","code":"418470004","display":"Porphyria"},{"system":"http://snomed.info/sct","code":"29717002","display":"Premature beats"},{"system":"http://snomed.info/sct","code":"427461000","display":"Presyncope"},{"system":"http://snomed.info/sct","code":"6273006","display":"Priapism"},{"system":"http://snomed.info/sct","code":"238785001","display":"Primary cutaneous vasculitis"},{"system":"http://snomed.info/sct","code":"28743005","display":"Productive cough"},{"system":"http://snomed.info/sct","code":"111975006","display":"Prolonged QT interval"},{"system":"http://snomed.info/sct","code":"29738008","display":"Proteinuria"},{"system":"http://snomed.info/sct","code":"409674002","display":"Prothrombin time increased"},{"system":"http://snomed.info/sct","code":"165569003","display":"Prothrombin time low"},{"system":"http://snomed.info/sct","code":"193255007","display":"Proximal myopathy"},{"system":"http://snomed.info/sct","code":"64144002","display":"Pruritic rash"},{"system":"http://snomed.info/sct","code":"90446007","display":"Pruritus ani"},{"system":"http://snomed.info/sct","code":"279333002","display":"Pruritus of skin"},{"system":"http://snomed.info/sct","code":"197056004","display":"Pseudo-obstruction of gastrointestinal tract"},{"system":"http://snomed.info/sct","code":"52230004","display":"Psoriasiform dermatitis"},{"system":"http://snomed.info/sct","code":"9014002","display":"Psoriasis"},{"system":"http://snomed.info/sct","code":"47295007","display":"Psychomotor agitation"},{"system":"http://snomed.info/sct","code":"69322001","display":"Psychotic disorder"},{"system":"http://snomed.info/sct","code":"11934000","display":"Ptosis of eyelid"},{"system":"http://snomed.info/sct","code":"59282003","display":"Pulmonary embolism"},{"system":"http://snomed.info/sct","code":"51615001","display":"Pulmonary fibrosis"},{"system":"http://snomed.info/sct","code":"78144005","display":"Pulmonary haemorrhage"},{"system":"http://snomed.info/sct","code":"70995007","display":"Pulmonary hypertension"},{"system":"http://snomed.info/sct","code":"409609008","display":"Pulmonary infiltrate"},{"system":"http://snomed.info/sct","code":"19242006","display":"Pulmonary oedema"},{"system":"http://snomed.info/sct","code":"50715003","display":"Pure red cell aplasia"},{"system":"http://snomed.info/sct","code":"423902002","display":"Purpura"},{"system":"http://snomed.info/sct","code":"271760008","display":"Pustule"},{"system":"http://snomed.info/sct","code":"4800001","display":"Pyuria"},{"system":"http://snomed.info/sct","code":"164956004","display":"QT interval abnormal"},{"system":"http://snomed.info/sct","code":"271719001","display":"Raised intracranial pressure"},{"system":"http://snomed.info/sct","code":"112222000","display":"Raised intraocular pressure"},{"system":"http://snomed.info/sct","code":"271807003","display":"Rash"},{"system":"http://snomed.info/sct","code":"95332009","display":"Rash of systemic lupus erythematosus"},{"system":"http://snomed.info/sct","code":"12063002","display":"Rectal haemorrhage"},{"system":"http://snomed.info/sct","code":"77880009","display":"Rectal pain"},{"system":"http://snomed.info/sct","code":"8357008","display":"Reduced libido"},{"system":"http://snomed.info/sct","code":"8510008","display":"Reduced mobility"},{"system":"http://snomed.info/sct","code":"13164000","display":"Reduced visual acuity"},{"system":"http://snomed.info/sct","code":"95570007","display":"Renal calculus"},{"system":"http://snomed.info/sct","code":"42399005","display":"Renal failure"},{"system":"http://snomed.info/sct","code":"236423003","display":"Renal impairment"},{"system":"http://snomed.info/sct","code":"274279008","display":"Renal pain"},{"system":"http://snomed.info/sct","code":"87317003","display":"Respiratory arrest"},{"system":"http://snomed.info/sct","code":"80954004","display":"Respiratory depression"},{"system":"http://snomed.info/sct","code":"271825005","display":"Respiratory distress"},{"system":"http://snomed.info/sct","code":"409622000","display":"Respiratory failure"},{"system":"http://snomed.info/sct","code":"418092006","display":"Respiratory tract congestion"},{"system":"http://snomed.info/sct","code":"32914008","display":"Restless legs"},{"system":"http://snomed.info/sct","code":"162221009","display":"Restlessness"},{"system":"http://snomed.info/sct","code":"84480002","display":"Retching"},{"system":"http://snomed.info/sct","code":"49120005","display":"Retroperitoneal fibrosis"},{"system":"http://snomed.info/sct","code":"95549001","display":"Retroperitoneal haemorrhage"},{"system":"http://snomed.info/sct","code":"240131006","display":"Rhabdomyolysis"},{"system":"http://snomed.info/sct","code":"70076002","display":"Rhinitis"},{"system":"http://snomed.info/sct","code":"398909004","display":"Rosacea"},{"system":"http://snomed.info/sct","code":"275921007","display":"Scalp itchy"},{"system":"http://snomed.info/sct","code":"271761007","display":"Scaly skin"},{"system":"http://snomed.info/sct","code":"17971005","display":"Sedated"},{"system":"http://snomed.info/sct","code":"91175000","display":"Seizure"},{"system":"http://snomed.info/sct","code":"724233009","display":"Sensation of being cold"},{"system":"http://snomed.info/sct","code":"103002009","display":"Sensation of hot and cold"},{"system":"http://snomed.info/sct","code":"112105008","display":"Sense of smell altered"},{"system":"http://snomed.info/sct","code":"247284004","display":"Sensitive hearing"},{"system":"http://snomed.info/sct","code":"371089000","display":"Serotonin syndrome"},{"system":"http://snomed.info/sct","code":"275739007","display":"Serum amylase raised"},{"system":"http://snomed.info/sct","code":"166717003","display":"Serum creatinine raised"},{"system":"http://snomed.info/sct","code":"396697000","display":"Serum lactate dehydrogenase level elevated"},{"system":"http://snomed.info/sct","code":"56925008","display":"Sexual dysfunction"},{"system":"http://snomed.info/sct","code":"43005009","display":"Shuffling gait"},{"system":"http://snomed.info/sct","code":"49710005","display":"Sinus bradycardia"},{"system":"http://snomed.info/sct","code":"11092001","display":"Sinus tachycardia"},{"system":"http://snomed.info/sct","code":"36971009","display":"Sinusitis"},{"system":"http://snomed.info/sct","code":"367466007","display":"Skin irritation"},{"system":"http://snomed.info/sct","code":"95324001","display":"Skin lesion"},{"system":"http://snomed.info/sct","code":"95347000","display":"Skin necrosis"},{"system":"http://snomed.info/sct","code":"238643009","display":"Skin peeling disorder"},{"system":"http://snomed.info/sct","code":"73430006","display":"Sleep apnoea"},{"system":"http://snomed.info/sct","code":"39898005","display":"Sleep disorder"},{"system":"http://snomed.info/sct","code":"80495009","display":"Sleep walking"},{"system":"http://snomed.info/sct","code":"247627003","display":"Slow flow of thought"},{"system":"http://snomed.info/sct","code":"386614005","display":"Slow shallow breathing"},{"system":"http://snomed.info/sct","code":"289195008","display":"Slurred speech"},{"system":"http://snomed.info/sct","code":"76067001","display":"Sneezing"},{"system":"http://snomed.info/sct","code":"45352006","display":"Spasm"},{"system":"http://snomed.info/sct","code":"249966004","display":"Spasmodic movement"},{"system":"http://snomed.info/sct","code":"16294009","display":"Splenomegaly"},{"system":"http://snomed.info/sct","code":"55930002","display":"ST segment changes"},{"system":"http://snomed.info/sct","code":"234978004","display":"Staining of tooth"},{"system":"http://snomed.info/sct","code":"197321007","display":"Steatosis of liver"},{"system":"http://snomed.info/sct","code":"73442001","display":"Stevens-Johnson syndrome"},{"system":"http://snomed.info/sct","code":"161882006","display":"Stiff neck"},{"system":"http://snomed.info/sct","code":"271587009","display":"Stiffness"},{"system":"http://snomed.info/sct","code":"271681002","display":"Stomach ache"},{"system":"http://snomed.info/sct","code":"51197009","display":"Stomach cramps"},{"system":"http://snomed.info/sct","code":"61170000","display":"Stomatitis"},{"system":"http://snomed.info/sct","code":"70407001","display":"Stridor"},{"system":"http://snomed.info/sct","code":"230690007","display":"Stroke"},{"system":"http://snomed.info/sct","code":"89458003","display":"Stupor"},{"system":"http://snomed.info/sct","code":"15203004","display":"Sudden visual loss"},{"system":"http://snomed.info/sct","code":"425104003","display":"Suicidal behaviour"},{"system":"http://snomed.info/sct","code":"6471006","display":"Suicidal thoughts"},{"system":"http://snomed.info/sct","code":"2477008","display":"Superficial thrombophlebitis"},{"system":"http://snomed.info/sct","code":"6456007","display":"Supraventricular tachycardia"},{"system":"http://snomed.info/sct","code":"415690000","display":"Sweating"},{"system":"http://snomed.info/sct","code":"65124004","display":"Swelling"},{"system":"http://snomed.info/sct","code":"271594007","display":"Syncope"},{"system":"http://snomed.info/sct","code":"55004003","display":"Syndrome of inappropriate vasopressin secretion"},{"system":"http://snomed.info/sct","code":"416209007","display":"Synovitis"},{"system":"http://snomed.info/sct","code":"55464009","display":"Systemic lupus erythematosus"},{"system":"http://snomed.info/sct","code":"3424008","display":"Tachycardia"},{"system":"http://snomed.info/sct","code":"271823003","display":"Tachypnoea"},{"system":"http://snomed.info/sct","code":"102449007","display":"Tardive dyskinesia"},{"system":"http://snomed.info/sct","code":"271801002","display":"Taste sense altered"},{"system":"http://snomed.info/sct","code":"298373009","display":"Temporomandibular joint locking"},{"system":"http://snomed.info/sct","code":"247348008","display":"Tenderness"},{"system":"http://snomed.info/sct","code":"34840004","display":"Tendinitis"},{"system":"http://snomed.info/sct","code":"10629009","display":"Tetany"},{"system":"http://snomed.info/sct","code":"102911000","display":"Thoughts of self harm"},{"system":"http://snomed.info/sct","code":"162400007","display":"Throat irritation"},{"system":"http://snomed.info/sct","code":"302215000","display":"Thrombocytopenia"},{"system":"http://snomed.info/sct","code":"6631009","display":"Thrombocytosis"},{"system":"http://snomed.info/sct","code":"429098002","display":"Thromboembolism of vein"},{"system":"http://snomed.info/sct","code":"64156001","display":"Thrombophlebitis"},{"system":"http://snomed.info/sct","code":"439127006","display":"Thrombosis"},{"system":"http://snomed.info/sct","code":"82119001","display":"Thyroiditis"},{"system":"http://snomed.info/sct","code":"90739004","display":"Thyrotoxicosis"},{"system":"http://snomed.info/sct","code":"23924001","display":"Tight chest"},{"system":"http://snomed.info/sct","code":"247323005","display":"Tightness in throat"},{"system":"http://snomed.info/sct","code":"274676007","display":"Tingling of skin"},{"system":"http://snomed.info/sct","code":"60862001","display":"Tinnitus"},{"system":"http://snomed.info/sct","code":"421262002","display":"Tongue swelling"},{"system":"http://snomed.info/sct","code":"54200006","display":"Tonic-clonic seizure"},{"system":"http://snomed.info/sct","code":"27355003","display":"Toothache"},{"system":"http://snomed.info/sct","code":"31722008","display":"Torsades de pointes"},{"system":"http://snomed.info/sct","code":"70070008","display":"Torticollis"},{"system":"http://snomed.info/sct","code":"197354009","display":"Toxic liver disease"},{"system":"http://snomed.info/sct","code":"236514003","display":"Toxic nephropathy"},{"system":"http://snomed.info/sct","code":"83785004","display":"Transient blindness"},{"system":"http://snomed.info/sct","code":"266257000","display":"Transient ischaemic attack"},{"system":"http://snomed.info/sct","code":"26079004","display":"Tremor"},{"system":"http://snomed.info/sct","code":"87866006","display":"Trismus"},{"system":"http://snomed.info/sct","code":"428255004","display":"Tubulointerstitial nephritis"},{"system":"http://snomed.info/sct","code":"420990001","display":"Tunnel vision"},{"system":"http://snomed.info/sct","code":"429040005","display":"Ulcer"},{"system":"http://snomed.info/sct","code":"51868009","display":"Ulcer of duodenum"},{"system":"http://snomed.info/sct","code":"64766004","display":"Ulcerative colitis"},{"system":"http://snomed.info/sct","code":"439955006","display":"Ulcerative oesophagitis"},{"system":"http://snomed.info/sct","code":"288849009","display":"Unable to breathe"},{"system":"http://snomed.info/sct","code":"332982000","display":"Uncontrollable vomiting"},{"system":"http://snomed.info/sct","code":"59291004","display":"Undelivered in utero fetal death"},{"system":"http://snomed.info/sct","code":"422768004","display":"Unresponsive"},{"system":"http://snomed.info/sct","code":"90716005","display":"Unsociable"},{"system":"http://snomed.info/sct","code":"22631008","display":"Unsteady when walking"},{"system":"http://snomed.info/sct","code":"83132003","display":"Upper abdominal pain"},{"system":"http://snomed.info/sct","code":"37372002","display":"Upper gastrointestinal haemorrhage"},{"system":"http://snomed.info/sct","code":"162059005","display":"Upset stomach"},{"system":"http://snomed.info/sct","code":"165232002","display":"Urinary incontinence"},{"system":"http://snomed.info/sct","code":"267064002","display":"Urinary retention"},{"system":"http://snomed.info/sct","code":"167239007","display":"Urine colour abnormal"},{"system":"http://snomed.info/sct","code":"126485001","display":"Urticaria"},{"system":"http://snomed.info/sct","code":"128473001","display":"Uveitis"},{"system":"http://snomed.info/sct","code":"31996006","display":"Vasculitis"},{"system":"http://snomed.info/sct","code":"53312001","display":"Vasculitis of the skin"},{"system":"http://snomed.info/sct","code":"91081006","display":"Vasodilation"},{"system":"http://snomed.info/sct","code":"248229009","display":"Vasovagal symptom"},{"system":"http://snomed.info/sct","code":"71908006","display":"Ventricular fibrillation"},{"system":"http://snomed.info/sct","code":"17338001","display":"Ventricular premature beats"},{"system":"http://snomed.info/sct","code":"25569003","display":"Ventricular tachycardia"},{"system":"http://snomed.info/sct","code":"399153001","display":"Vertigo"},{"system":"http://snomed.info/sct","code":"79893008","display":"Vesicular rash"},{"system":"http://snomed.info/sct","code":"131182003","display":"Visual alteration"},{"system":"http://snomed.info/sct","code":"63102001","display":"Visual disturbance"},{"system":"http://snomed.info/sct","code":"12184005","display":"Visual field defect"},{"system":"http://snomed.info/sct","code":"23388006","display":"Visual field scotoma"},{"system":"http://snomed.info/sct","code":"64269007","display":"Visual hallucinations"},{"system":"http://snomed.info/sct","code":"397540003","display":"Visual impairment"},{"system":"http://snomed.info/sct","code":"422400008","display":"Vomiting"},{"system":"http://snomed.info/sct","code":"420103007","display":"Watery eye"},{"system":"http://snomed.info/sct","code":"262285001","display":"Weight decreased"},{"system":"http://snomed.info/sct","code":"262286000","display":"Weight increased"},{"system":"http://snomed.info/sct","code":"56018004","display":"Wheezing"},{"system":"http://snomed.info/sct","code":"363677007","display":"Xerophthalmia"},{"system":"http://snomed.info/sct","code":"248626009","display":"Yawning"}]}}